<?xml version="1.0" encoding="UTF-8" standalone="yes"?>
<addon id="plugin.program.cleaner" name="[COLOR dodgerblue]Newf's[/COLOR] Wizard" version="3.5.0" provider-name="Newf276">
    <requires>
        script.kodi.android.update
        <import addon="xbmc.python" version="3.0.0" />
        <import addon="script.module.requests" />
        <import addon="script.module.six" />
        <import addon="script.speedtester" />
    </requires>
    <extension point="xbmc.python.pluginsource" library="default.py">
        <provides>executable</provides>
    </extension>
    <extension point="xbmc.service" library="startup.py" start="startup" />
    <extension point="xbmc.addon.metadata">
        <summary lang="en">[COLOR dodgerblue]Newf's Wizard[/COLOR] + Cache Cleaner</summary>
        <description lang="en">[COLOR dodgerblue]Newf's Wizard[/COLOR] + Cache Cleaner offers many maintenance features, selective add-on data saving, and automated build installs.</description>
        <platform>all</platform>
        <reuselanguageinvoker>false</reuselanguageinvoker>
        <source>https://newf276.github.io/</source>
        <news>Version 3.5.0 - Update Repository Link</news>
        <assets>
            <icon>icon.jpg</icon>
            <fanart>fanart.jpg</fanart>
        </assets>
    </extension>
</addon>
