<addon id="plugin.video.finder" name="[COLOR dodgerblue]Finder[/COLOR]" provider-name="Newf276/Tikipeter/AnonyMouse" version="6.1.61">
    <requires>
        <import addon="xbmc.python" version="3.0.0"/>
        <import addon="script.module.pil" version="1.1.7"/>
        <import addon="script.module.requests" version="2.19.1"/>
    </requires>
    <extension point="xbmc.python.pluginsource" library="resources/lib/finder.py">
        <provides>video</provides>
    </extension>
    <extension point="xbmc.service" library="resources/lib/service.py"/>
    <extension point="xbmc.python.module" library="resources/lib/"/>
    <extension point="xbmc.addon.metadata">
        <reuselanguageinvoker>true</reuselanguageinvoker>
        <summary lang="en">Access your content from Easynews and Debrid Clouds.</summary>
        <description lang="en">This add-on is intended for advanced Kodi users only. You must own the content of any media you play through this addon. This is an English language only add-on.</description>
        <platform>all</platform>
		<disclaimer lang="en">The author of this addon does not host any of the content which is found and has no affiliation with any of the content providers.</disclaimer>
        <license/>
        <assets>
            <icon>resources/media/addon_icons/finder_icon_01.png</icon>
            <fanart>resources/media/finder_fanart_01.jpg</fanart>
        </assets>
        <news>Newf's fork of Finder 2.1.61 by Tikipeter/Anonymous. For latest changes see Changelog within Tools of add-on</news>
    </extension>
</addon>